{
  "rf_rmse": 1.2129853157866142,
  "xgb_rmse": 0.824667035901037,
  "ensemble_rmse": 1.0188261758438255,
  "rf_accuracy": 0.968,
  "xgb_accuracy": 0.9724999999999999,
  "xgb_f1": 0.9803907441133173,
  "n_samples": 2000,
  "n_features": 17
}