{
  "classification": {
    "Random Forest": {
      "accuracy": 0.98,
      "f1": 0.9855072463768116,
      "precision": 0.9855072463768116,
      "recall": 0.9855072463768116,
      "cv_mean": 0.9824999999999999,
      "cv_std": 0.009185586535436928
    },
    "XGBoost": {
      "accuracy": 0.9775,
      "f1": 0.9836660617059891,
      "precision": 0.9854545454545455,
      "recall": 0.9818840579710145,
      "cv_mean": 0.9787500000000001,
      "cv_std": 0.00695970545353754
    },
    "Decision Tree": {
      "accuracy": 0.9425,
      "f1": 0.9579524680073126,
      "precision": 0.966789667896679,
      "recall": 0.9492753623188406,
      "cv_mean": 0.9643750000000001,
      "cv_std": 0.009802741963348854
    },
    "SVM": {
      "accuracy": 0.98,
      "f1": 0.9857142857142858,
      "precision": 0.971830985915493,
      "recall": 1.0,
      "cv_mean": 0.974375,
      "cv_std": 0.011422291801560654
    },
    "KNN": {
      "accuracy": 0.9325,
      "f1": 0.9523809523809523,
      "precision": 0.9278350515463918,
      "recall": 0.9782608695652174,
      "cv_mean": 0.930625,
      "cv_std": 0.01670048651985923
    },
    "Logistic Regression": {
      "accuracy": 0.985,
      "f1": 0.989247311827957,
      "precision": 0.9787234042553191,
      "recall": 1.0,
      "cv_mean": 0.9862499999999998,
      "cv_std": 0.007288689868556617
    }
  },
  "regression": {
    "Random Forest": {
      "rmse": 1.0819491959100407,
      "mae": 0.793450976782282,
      "r2": 0.996188176046882
    },
    "XGBoost": {
      "rmse": 0.839864794501064,
      "mae": 0.6306858882904054,
      "r2": 0.9977031224043812
    }
  },
  "best_hyperparameters": {
    "learning_rate": 0.05,
    "max_depth": 8,
    "n_estimators": 200
  },
  "best_tuned_f1": 0.985584124001161,
  "dataset_size": 2000,
  "n_features": 17
}